id,model_id,name,year_from,year_to,restyling
1,1,I,2018,,0
2,2,I,2015,,0
3,3,I,1977,,0
4,4,I,2020,,0
5,5,I,2012,,0
6,6,I,2025,,0
7,7,I,2015,,0
8,8,I,2007,,0
9,9,I,2004,,0
10,10,I,2024,,0
11,11,I,2014,,0
12,12,I,2003,,0
13,13,I,2017,,0
14,14,I,1965,,0
15,15,I,2008,,0
16,16,I,2013,,0
17,17,I,2021,,0
18,18,I,2008,,0
19,19,I,2022,,0
20,20,I,2023,,0
21,21,I,2023,,0
22,22,I,2023,,0
23,23,I,2018,,0
24,24,I,2023,,0
25,25,I,2023,,0
26,26,I,2023,,0
27,27,I,2024,,0
28,28,I,2024,,0
29,29,I,2014,,0
30,30,I,2014,,0
31,31,I,2014,,0
32,32,I,2021,,0
33,33,I,2016,,0
34,34,I,2019,,0
35,35,I,2016,,0
36,36,I,2009,,0
37,37,I,2019,,0
38,38,I,2021,,0
39,39,I,2014,,0
40,40,I,2018,,0
41,41,I,2019,,0
42,42,I,2016,,0
43,43,I,2017,,0
44,44,I,2017,,0
45,45,I,2016,,0
46,46,I,2020,,0
47,47,I,2017,,0
48,48,I,2012,,0
49,49,I,2018,,0
50,50,I,2020,,0
51,51,I,2020,,0
52,52,I,2024,,0
53,53,I,2017,,0
54,54,I,2024,,0
55,55,I,2019,,0
56,56,I,2009,,0
57,57,I,2021,,0
58,58,I,2020,,0
59,59,I,2019,,0
60,60,I,2018,,0
61,61,I,2019,,0
62,62,I,2024,,0
63,63,I,2018,,0
64,64,I,2017,,0
65,65,I,2021,,0
66,66,I,2017,,0
67,67,I,2021,,0
68,68,I,2017,,0
69,69,I,2020,,0
70,70,I,2010,,0
71,71,I,2011,,0
72,72,I,2020,,0
73,73,I,2017,,0
74,74,I,2016,,0
75,75,I,2020,,0
76,76,I,2020,,0
77,77,I,2024,,0
78,78,I,2005,,0
79,79,I,2007,,0
80,80,I,2015,,0
81,81,I,2011,,0
82,82,I,2018,,0
83,83,I,2014,,0
84,84,I,2017,,0
85,85,I,2019,,0
86,86,I,2017,,0
87,87,I,2019,,0
88,88,I,2014,,0
89,89,I,2014,,0
90,90,I,2015,,0
91,91,I,2011,,0
92,92,I,2002,,0
93,93,I,2002,,0
94,94,I,2006,,0
95,95,I,2020,,0
96,96,I,2015,,0
97,97,I,2010,,0
98,98,I,2008,,0
99,99,I,2018,,0
100,100,I,2010,,0
101,101,I,2011,,0
102,102,I,2016,,0
103,103,I,2017,,0
104,104,I,2013,,0
105,105,I,2021,,0
106,106,I,2016,,0
107,107,I,2014,,0
108,108,I,2024,,0
109,109,I,2024,,0
110,110,I,2014,,0
111,111,I,2014,,0
112,112,I,2014,,0
113,113,I,2018,,0
114,114,I,2017,,0
115,115,I,2018,,0
116,116,I,2021,,0
117,117,I,2024,,0
118,118,I,2019,,0
119,119,I,2015,,0
120,120,I,2015,,0
121,121,I,2023,,0
122,122,I,2020,,0
123,123,I,2012,,0
124,124,I,2008,,0
125,125,I,2019,,0
126,126,I,2021,,0
127,127,I,2022,,0
128,128,I,2022,,0
129,129,I,2021,,0
130,130,I,2022,,0
131,131,I,2020,,0
132,132,I,2017,,0
133,133,I,2019,,0
134,134,I,2012,,0
135,135,I,2017,,0
136,136,I,2019,,0
137,137,I,2016,,0
138,138,I,2015,,0
139,139,I,2018,,0
140,140,I,2019,,0
141,141,I,2016,,0
142,142,I,2017,,0
143,143,I,2019,,0
144,144,I,2021,,0
145,145,I,2012,,0
146,146,I,2021,,0
147,147,I,2021,,0
148,148,I,2014,,0
149,149,I,2010,,0
150,150,I,2021,,0
151,151,I,2014,,0
152,152,I,2012,,0
153,153,I,2011,,0
154,154,I,2019,,0
155,155,I,2007,,0
156,156,I,2017,,0
157,157,I,2007,,0
158,158,I,2021,,0
159,159,I,2010,,0
160,160,I,2006,,0
161,161,I,2015,,0
162,162,I,2015,,0
163,163,I,2017,,0
164,164,I,2014,,0
165,165,I,2013,,0
166,166,I,2018,,0
167,167,I,2017,,0
168,168,I,2005,,0
169,169,I,2006,,0
170,170,I,2019,,0
171,171,I,2020,,0
172,172,I,2014,,0
173,173,I,2014,,0
174,174,I,2017,,0
175,175,I,2017,,0
176,176,I,2020,,0
177,177,I,2019,,0
178,178,I,2020,,0
179,179,I,2020,,0
180,180,I,2023,,0
181,181,I,2018,,0
182,182,I,2009,,0
183,183,I,2017,,0
184,184,I,2018,,0
185,185,I,2021,,0
186,186,I,2017,,0
187,187,I,2018,,0
188,188,I,2020,,0
189,189,I,2021,,0
190,190,I,2020,,0
191,191,I,2019,,0
192,192,I,2017,,0
193,193,I,2008,,0
194,194,I,2017,,0
195,195,I,2018,,0
196,196,I,2021,,0
197,197,I,2019,,0
198,198,I,2020,,0
199,199,I,2010,,0
200,200,I,2005,,0
201,201,I,2017,,0
202,202,I,1995,,0
203,203,I,1998,,0
204,204,I,1997,,0
205,205,I,2018,,0
206,206,I,2016,,0
207,207,I,2020,,0
208,208,I,2019,,0
209,209,I,2021,,0
210,210,I,2021,,0
211,211,I,2020,,0
212,212,I,2020,,0
213,213,I,2024,,0
214,214,I,2017,,0
215,215,I,2020,,0
216,216,I,2020,,0
217,217,I,2022,,0
218,218,I,2022,,0
219,219,I,2024,,0
220,220,I,2020,,0
221,221,I,2018,,0
222,222,I,2019,,0
223,223,I,2020,,0
224,224,I,2014,,0
225,225,I,2017,,0
226,226,I,2021,,0
227,227,I,2007,,0
228,228,I,2005,,0
229,229,I,2019,,0
230,230,I,2018,,0
231,231,I,2019,,0
232,232,I,2019,,0
233,233,I,2017,,0
234,234,I,2021,,0
235,235,I,2022,,0
236,236,I,2018,,0
237,237,I,2024,,0
238,238,I,2020,,0
239,239,I,2020,,0
240,240,I,2021,,0
241,241,I,2023,,0
242,242,I,2024,,0
243,243,I,2022,,0
244,244,I,2022,,0
245,245,I,2024,,0
246,246,I,2023,,0
247,247,I,2023,,0
248,248,I,2020,,0
249,249,I,2021,,0
250,250,I,2024,,0
251,251,I,2017,,0
252,252,I,2020,,0
253,253,I,2019,,0
254,254,I,2020,,0
255,255,I,2019,,0
256,256,I,2020,,0
257,257,I,2017,,0
258,258,I,2020,,0
259,259,I,2020,,0
260,260,I,2022,,0
261,261,I,2017,,0
262,262,I,2023,,0
263,263,I,2014,,0
264,264,I,2022,,0
265,265,I,2016,,0
266,266,I,2017,,0
267,267,I,2020,,0
268,268,I,2020,,0
269,269,I,2020,,0
270,270,I,2020,,0
271,271,I,2020,,0
272,272,I,2018,,0
273,273,I,2022,,0
274,274,I,2022,,0
275,275,I,2023,,0
276,276,I,2011,,0
277,277,I,2008,,0
278,278,I,2010,,0
279,279,I,2012,,0
280,280,I,2014,,0
281,281,I,2016,,0
282,282,I,2021,,0
283,283,I,2018,,0
284,284,I,2019,,0
285,285,I,2016,,0
286,286,I,2013,,0
287,287,I,2022,,0
288,288,I,2022,,0
289,289,I,2024,,0
290,290,I,2023,,0
291,291,I,2022,,0
292,292,I,2022,,0
293,293,I,2019,,0
294,294,I,2024,,0
295,295,I,2021,,0
296,296,I,2024,,0
297,297,I,2022,,0
298,298,I,2023,,0
299,299,I,2022,,0
300,300,I,2024,,0
301,301,I,2022,,0
302,302,I,2022,,0
303,303,I,2023,,0
304,304,I,2019,,0
305,305,I,2022,,0
306,306,I,2020,,0
307,307,I,2018,,0
308,308,I,2022,,0
309,309,I,2021,,0
310,310,I,2021,,0
311,311,I,2022,,0
312,312,I,2024,,0
313,313,I,2023,,0
314,314,I,2021,,0
315,315,I,2023,,0
316,316,I,2022,,0
317,317,I,2018,,0
318,318,I,2017,,0
319,319,I,2022,,0
320,320,I,2020,,0
321,321,I,2017,,0
322,322,I,2018,,0
323,323,I,2017,,0
324,324,I,2020,,0
325,325,I,2019,,0
326,326,I,2021,,0
327,327,I,2018,,0
328,328,I,2020,,0
329,329,I,2023,,0
330,330,I,2017,,0
331,331,I,2022,,0
332,332,I,2018,,0
333,333,I,2022,,0
334,334,I,2023,,0
335,335,I,2024,,0
336,336,I,2018,,0
337,337,I,2018,,0
338,338,I,2019,,0
339,339,I,2018,,0
340,340,I,2018,,0
341,341,I,2020,,0
342,342,I,2024,,0
343,343,I,2021,,0
344,344,I,2021,,0
345,345,I,2018,,0
346,346,I,2018,,0
347,347,I,2021,,0
348,348,I,2023,,0
349,349,I,2020,,0
350,350,I,2019,,0
351,351,I,2018,,0
352,352,I,2020,,0
353,353,I,2019,,0
354,354,I,2022,,0
355,355,I,2018,,0
356,356,I,2019,,0
357,357,I,2018,,0
358,358,I,2014,,0
359,359,I,2021,,0
360,360,I,2014,,0
361,361,I,2018,,0
362,362,I,2020,,0
363,363,I,2015,,0
364,364,I,2016,,0
365,365,I,2018,,0
366,366,I,2018,,0
367,367,I,2017,,0
368,368,I,2018,,0
369,369,I,2017,,0
370,370,I,2015,,0
371,371,I,2018,,0
372,372,I,2018,,0
373,373,I,2019,,0
374,374,I,2018,,0
375,375,I,2016,,0
376,376,I,2016,,0
377,377,I,2017,,0
378,378,I,2014,,0
379,379,I,2023,,0
380,380,I,2019,,0
381,381,I,2018,,0
382,382,I,2013,,0
383,383,I,2017,,0
384,384,I,2021,,0
385,385,I,2022,,0
386,386,I,2023,,0
387,387,I,2021,,0
388,388,I,2018,,0
389,389,I,2014,,0
390,390,I,2019,,0
391,391,I,2017,,0
392,392,I,2019,,0
393,393,I,2021,,0
394,394,I,2022,,0
395,395,I,2017,,0
396,396,I,2018,,0
397,397,I,2006,,0
398,398,I,2020,,0
399,399,I,2016,,0
400,400,I,2015,,0
401,401,I,2018,,0
402,402,I,2016,,0
403,403,I,2018,,0
404,404,I,2016,,0
405,405,I,2017,,0
406,406,I,2017,,0
407,407,I,2014,,0
408,408,I,2017,,0
409,409,I,2021,,0
410,410,I,2013,,0
411,411,I,2010,,0
412,412,I,2013,,0
413,413,I,2014,,0
414,414,I,2016,,0
415,415,I,2017,,0
416,416,I,2018,,0
417,417,I,2015,,0
418,418,I,2015,,0
419,419,I,2009,,0
420,420,I,2013,,0
421,421,I,2017,,0
422,422,I,2020,,0
423,423,I,2022,,0
424,424,I,2020,,0
425,425,I,2020,,0
426,426,I,2021,,0
427,427,I,2021,,0
428,428,I,2017,,0
429,429,I,2021,,0
430,430,I,2020,,0
431,431,I,2023,,0
432,432,I,2019,,0
433,433,I,2017,,0
434,434,I,2024,,0
435,435,I,2019,,0
436,436,I,2018,,0
437,437,I,2015,,0
438,438,I,2019,,0
439,439,I,2010,,0
440,440,I,2017,,0
441,441,I,2020,,0
442,442,I,2018,,0
443,443,I,2023,,0
444,444,I,2013,,0
445,445,I,2016,,0
446,446,I,2018,,0
447,447,I,2018,,0
448,448,I,2019,,0
449,449,I,2010,,0
450,450,I,2021,,0
451,451,I,2019,,0
452,452,I,2019,,0
453,453,I,2019,,0
454,454,I,2022,,0
455,455,I,2017,,0
456,456,I,2017,,0
457,457,I,2014,,0
458,458,I,2011,,0
459,459,I,2017,,0
460,460,I,2023,,0
461,461,I,2013,,0
462,462,I,2013,,0
463,463,I,2016,,0
464,464,I,2022,,0
465,465,I,2020,,0
466,466,I,2017,,0
467,467,I,2019,,0
468,468,I,2021,,0
469,469,I,2016,,0
470,470,I,2021,,0
471,471,I,2022,,0
472,472,I,2020,,0
473,473,I,2021,,0
474,474,I,2018,,0
475,475,I,2015,,0
476,476,I,2016,,0
477,477,I,2022,,0
478,478,I,2019,,0
479,479,I,2021,,0
480,480,I,2017,,0
