region_id,region_name,fgrid_value_id,okato_code,fedstat_name_fgrid,fedstat_name_codelist
1,Москва,1688506,45000000000,Город Москва столица Российской Федерации город федерального значения,Город Москва столица Российской Федерации город федерального значения
2,Московская область,1688498,46000000000,Московская область,Московская область
3,Белгородская область,1688489,14000000000,Белгородская область,Белгородская область
4,Брянская область,1688490,15000000000,Брянская область,Брянская область
5,Владимирская область,1688491,17000000000,Владимирская область,Владимирская область
6,Воронежская область,1688492,20000000000,Воронежская область,Воронежская область
7,Ивановская область,1688493,24000000000,Ивановская область,Ивановская область
8,Калужская область,1688494,29000000000,Калужская область,Калужская область
9,Костромская область,1688495,34000000000,Костромская область,Костромская область
10,Курская область,1688496,38000000000,Курская область,Курская область
11,Липецкая область,1688497,42000000000,Липецкая область,Липецкая область
12,Орловская область,1688499,54000000000,Орловская область,Орловская область
13,Рязанская область,1688500,61000000000,Рязанская область,Рязанская область
14,Смоленская область,1688501,66000000000,Смоленская область,Смоленская область
15,Тамбовская область,1688502,68000000000,Тамбовская область,Тамбовская область
16,Тверская область,1688503,28000000000,Тверская область,Тверская область
17,Тульская область,1688504,70000000000,Тульская область,Тульская область
18,Ярославская область,1688505,78000000000,Ярославская область,Ярославская область
19,Санкт-Петербург,1688519,40000000000,Город Санкт-Петербург город федерального значения,Город Санкт-Петербург город федерального значения
20,Ленинградская область,1688515,41000000000,Ленинградская область,Ленинградская область
21,Архангельская область,1688510,11000000000,Архангельская область,Архангельская область
22,Вологодская область,1688513,19000000000,Вологодская область,Вологодская область
23,Калининградская область,1688514,27000000000,Калининградская область,Калининградская область
24,Республика Карелия,1688508,86000000000,Республика Карелия,Республика Карелия
25,Республика Коми,1688509,87000000000,Республика Коми,Республика Коми
26,Мурманская область,1688516,47000000000,Мурманская область,Мурманская область
27,Ненецкий АО,1688511,11100000000,Ненецкий автономный округ (Архангельская область),Ненецкий автономный округ (Архангельская область)
28,Новгородская область,1688517,49000000000,Новгородская область,Новгородская область
29,Псковская область,1688518,58000000000,Псковская область,Псковская область
30,Республика Адыгея,1688522,79000000000,Республика Адыгея (Адыгея),Республика Адыгея (Адыгея)
31,Республика Калмыкия,1688523,85000000000,Республика Калмыкия,Республика Калмыкия
32,Республика Крым,1692938,35000000000,Республика Крым,Республика Крым
33,Краснодарский край,1688524,03000000000,Краснодарский край,Краснодарский край
34,Астраханская область,1688525,12000000000,Астраханская область,Астраханская область
35,Волгоградская область,1688526,18000000000,Волгоградская область,Волгоградская область
36,Ростовская область,1688527,60000000000,Ростовская область,Ростовская область
37,Севастополь,1695534,67000000000,Город федерального значения Севастополь,Город федерального значения Севастополь
38,Республика Дагестан,1688529,82000000000,Республика Дагестан,Республика Дагестан
39,Республика Ингушетия,1688530,26000000000,Республика Ингушетия,Республика Ингушетия
40,Кабардино-Балкарская Республика,1688531,83000000000,Кабардино-Балкарская Республика,Кабардино-Балкарская Республика
41,Карачаево-Черкесская Республика,1688532,91000000000,Карачаево-Черкесская Республика,Карачаево-Черкесская Республика
42,Республика Северная Осетия — Алания,1688533,90000000000,Республика Северная Осетия-Алания,Республика Северная Осетия-Алания
43,Чеченская Республика,1688534,96000000000,Чеченская Республика,Чеченская Республика
44,Ставропольский край,1688535,07000000000,Ставропольский край,Ставропольский край
45,Республика Башкортостан,1688537,80000000000,Республика Башкортостан,Республика Башкортостан
46,Республика Марий Эл,1688538,88000000000,Республика Марий Эл,Республика Марий Эл
47,Республика Мордовия,1688539,89000000000,Республика Мордовия,Республика Мордовия
48,Республика Татарстан,1688540,92000000000,Республика Татарстан (Татарстан),Республика Татарстан (Татарстан)
49,Удмуртская Республика,1688541,94000000000,Удмуртская Республика,Удмуртская Республика
50,Чувашская Республика,1688542,97000000000,Чувашская Республика - Чувашия,Чувашская Республика - Чувашия
51,Кировская область,1688545,33000000000,Кировская область,Кировская область
52,Нижегородская область,1688546,22000000000,Нижегородская область,Нижегородская область
53,Оренбургская область,1688547,53000000000,Оренбургская область,Оренбургская область
54,Пензенская область,1688548,56000000000,Пензенская область,Пензенская область
55,Пермский край,1688543,57000000000,Пермский край,Пермский край
56,Самарская область,1688549,36000000000,Самарская область,Самарская область
57,Саратовская область,1688550,63000000000,Саратовская область,Саратовская область
58,Ульяновская область,1688551,73000000000,Ульяновская область,Ульяновская область
59,Курганская область,1688553,37000000000,Курганская область,Курганская область
60,Свердловская область,1688554,65000000000,Свердловская область,Свердловская область
61,Тюменская область,1688555,71000000000,Тюменская область,Тюменская область
62,Ханты-Мансийский АО — Югра,1688556,71100000000,Ханты-Мансийский автономный округ - Югра (Тюменская область),Ханты-Мансийский автономный округ - Югра (Тюменская область)
63,Челябинская область,1688559,75000000000,Челябинская область,Челябинская область
64,Ямало-Ненецкий АО,1688557,71140000000,Ямало-Ненецкий автономный округ (Тюменская область),Ямало-Ненецкий автономный округ (Тюменская область)
65,Республика Алтай,1688561,84000000000,Республика Алтай,Республика Алтай
66,Алтайский край,1688565,01000000000,Алтайский край,Алтайский край
67,Иркутская область,1688571,25000000000,Иркутская область,Иркутская область
68,Кемеровская область — Кузбасс,1688573,32000000000,Кемеровская область - Кузбасс,Кемеровская область - Кузбасс
69,Красноярский край,1688568,04000000000,Красноярский край,Красноярский край
70,Новосибирская область,1688574,50000000000,Новосибирская область,Новосибирская область
71,Омская область,1688575,52000000000,Омская область,Омская область
72,Томская область,1688576,69000000000,Томская область,Томская область
73,Республика Тыва,1688563,93000000000,Республика Тыва,Республика Тыва
74,Республика Хакасия,1688564,95000000000,Республика Хакасия,Республика Хакасия
75,Республика Бурятия,1688562,81000000000,Республика Бурятия,Республика Бурятия
76,Республика Саха (Якутия),1688578,98000000000,Республика Саха (Якутия),Республика Саха (Якутия)
77,Забайкальский край,1688566,76000000000,Забайкальский край,Забайкальский край
78,Камчатский край,1688579,30000000000,Камчатский край,Камчатский край
79,Приморский край,1688581,05000000000,Приморский край,Приморский край
80,Хабаровский край,1688582,08000000000,Хабаровский край,Хабаровский край
81,Амурская область,1688583,10000000000,Амурская область,Амурская область
82,Магаданская область,1688584,44000000000,Магаданская область,Магаданская область
83,Сахалинская область,1688585,64000000000,Сахалинская область,Сахалинская область
84,Еврейская АО,1688586,99000000000,Еврейская автономная область,Еврейская автономная область
85,Чукотский АО,1688587,77000000000,Чукотский автономный округ,Чукотский автономный округ
