region_id,region_name,sto_type,rate_rub_per_hour
1,Москва,private,1100
1,Москва,independent,2100
1,Москва,dealer,4900
2,Московская область,private,900
2,Московская область,independent,1700
2,Московская область,dealer,4000
3,Белгородская область,private,850
3,Белгородская область,independent,1600
3,Белгородская область,dealer,3700
4,Брянская область,private,850
4,Брянская область,independent,1600
4,Брянская область,dealer,3700
5,Владимирская область,private,850
5,Владимирская область,independent,1600
5,Владимирская область,dealer,3700
6,Воронежская область,private,900
6,Воронежская область,independent,1650
6,Воронежская область,dealer,3850
7,Ивановская область,private,850
7,Ивановская область,independent,1600
7,Ивановская область,dealer,3700
8,Калужская область,private,850
8,Калужская область,independent,1600
8,Калужская область,dealer,3700
9,Костромская область,private,850
9,Костромская область,independent,1600
9,Костромская область,dealer,3700
10,Курская область,private,850
10,Курская область,independent,1600
10,Курская область,dealer,3700
11,Липецкая область,private,850
11,Липецкая область,independent,1600
11,Липецкая область,dealer,3700
12,Орловская область,private,850
12,Орловская область,independent,1600
12,Орловская область,dealer,3700
13,Рязанская область,private,850
13,Рязанская область,independent,1600
13,Рязанская область,dealer,3700
14,Смоленская область,private,850
14,Смоленская область,independent,1600
14,Смоленская область,dealer,3700
15,Тамбовская область,private,850
15,Тамбовская область,independent,1600
15,Тамбовская область,dealer,3700
16,Тверская область,private,850
16,Тверская область,independent,1600
16,Тверская область,dealer,3700
17,Тульская область,private,850
17,Тульская область,independent,1600
17,Тульская область,dealer,3700
18,Ярославская область,private,850
18,Ярославская область,independent,1600
18,Ярославская область,dealer,3700
19,Санкт-Петербург,private,1050
19,Санкт-Петербург,independent,1950
19,Санкт-Петербург,dealer,4550
20,Ленинградская область,private,900
20,Ленинградская область,independent,1650
20,Ленинградская область,dealer,3850
21,Архангельская область,private,850
21,Архангельская область,independent,1600
21,Архангельская область,dealer,3700
22,Вологодская область,private,850
22,Вологодская область,independent,1600
22,Вологодская область,dealer,3700
23,Калининградская область,private,850
23,Калининградская область,independent,1600
23,Калининградская область,dealer,3700
24,Республика Карелия,private,850
24,Республика Карелия,independent,1600
24,Республика Карелия,dealer,3700
25,Республика Коми,private,850
25,Республика Коми,independent,1600
25,Республика Коми,dealer,3700
26,Мурманская область,private,850
26,Мурманская область,independent,1600
26,Мурманская область,dealer,3700
27,Ненецкий АО,private,850
27,Ненецкий АО,independent,1600
27,Ненецкий АО,dealer,3700
28,Новгородская область,private,850
28,Новгородская область,independent,1600
28,Новгородская область,dealer,3700
29,Псковская область,private,850
29,Псковская область,independent,1600
29,Псковская область,dealer,3700
30,Республика Адыгея,private,700
30,Республика Адыгея,independent,1350
30,Республика Адыгея,dealer,3150
31,Республика Калмыкия,private,700
31,Республика Калмыкия,independent,1350
31,Республика Калмыкия,dealer,3150
32,Республика Крым,private,750
32,Республика Крым,independent,1400
32,Республика Крым,dealer,3300
33,Краснодарский край,private,900
33,Краснодарский край,independent,1650
33,Краснодарский край,dealer,3850
34,Астраханская область,private,750
34,Астраханская область,independent,1400
34,Астраханская область,dealer,3300
35,Волгоградская область,private,750
35,Волгоградская область,independent,1400
35,Волгоградская область,dealer,3300
36,Ростовская область,private,800
36,Ростовская область,independent,1500
36,Ростовская область,dealer,3500
37,Севастополь,private,750
37,Севастополь,independent,1400
37,Севастополь,dealer,3300
38,Республика Дагестан,private,700
38,Республика Дагестан,independent,1350
38,Республика Дагестан,dealer,3150
39,Республика Ингушетия,private,650
39,Республика Ингушетия,independent,1200
39,Республика Ингушетия,dealer,2800
40,Кабардино-Балкарская Республика,private,650
40,Кабардино-Балкарская Республика,independent,1200
40,Кабардино-Балкарская Республика,dealer,2800
41,Карачаево-Черкесская Республика,private,600
41,Карачаево-Черкесская Республика,independent,1100
41,Карачаево-Черкесская Республика,dealer,2600
42,Республика Северная Осетия — Алания,private,700
42,Республика Северная Осетия — Алания,independent,1300
42,Республика Северная Осетия — Алания,dealer,3000
43,Чеченская Республика,private,700
43,Чеченская Республика,independent,1300
43,Чеченская Республика,dealer,3000
44,Ставропольский край,private,700
44,Ставропольский край,independent,1300
44,Ставропольский край,dealer,3000
45,Республика Башкортостан,private,800
45,Республика Башкортостан,independent,1500
45,Республика Башкортостан,dealer,3500
46,Республика Марий Эл,private,750
46,Республика Марий Эл,independent,1400
46,Республика Марий Эл,dealer,3300
47,Республика Мордовия,private,750
47,Республика Мордовия,independent,1400
47,Республика Мордовия,dealer,3300
48,Республика Татарстан,private,850
48,Республика Татарстан,independent,1600
48,Республика Татарстан,dealer,3700
49,Удмуртская Республика,private,750
49,Удмуртская Республика,independent,1400
49,Удмуртская Республика,dealer,3300
50,Чувашская Республика,private,750
50,Чувашская Республика,independent,1400
50,Чувашская Республика,dealer,3300
51,Кировская область,private,750
51,Кировская область,independent,1400
51,Кировская область,dealer,3300
52,Нижегородская область,private,800
52,Нижегородская область,independent,1500
52,Нижегородская область,dealer,3500
53,Оренбургская область,private,750
53,Оренбургская область,independent,1400
53,Оренбургская область,dealer,3300
54,Пензенская область,private,750
54,Пензенская область,independent,1400
54,Пензенская область,dealer,3300
55,Пермский край,private,800
55,Пермский край,independent,1500
55,Пермский край,dealer,3500
56,Самарская область,private,800
56,Самарская область,independent,1500
56,Самарская область,dealer,3500
57,Саратовская область,private,800
57,Саратовская область,independent,1500
57,Саратовская область,dealer,3500
58,Ульяновская область,private,750
58,Ульяновская область,independent,1400
58,Ульяновская область,dealer,3300
59,Курганская область,private,800
59,Курганская область,independent,1500
59,Курганская область,dealer,3500
60,Свердловская область,private,900
60,Свердловская область,independent,1650
60,Свердловская область,dealer,3850
61,Тюменская область,private,900
61,Тюменская область,independent,1650
61,Тюменская область,dealer,3850
62,Ханты-Мансийский АО — Югра,private,950
62,Ханты-Мансийский АО — Югра,independent,1800
62,Ханты-Мансийский АО — Югра,dealer,4200
63,Челябинская область,private,850
63,Челябинская область,independent,1600
63,Челябинская область,dealer,3700
64,Ямало-Ненецкий АО,private,950
64,Ямало-Ненецкий АО,independent,1800
64,Ямало-Ненецкий АО,dealer,4200
65,Республика Алтай,private,700
65,Республика Алтай,independent,1350
65,Республика Алтай,dealer,3150
66,Алтайский край,private,800
66,Алтайский край,independent,1500
66,Алтайский край,dealer,3500
67,Иркутская область,private,800
67,Иркутская область,independent,1500
67,Иркутская область,dealer,3500
68,Кемеровская область — Кузбасс,private,800
68,Кемеровская область — Кузбасс,independent,1500
68,Кемеровская область — Кузбасс,dealer,3500
69,Красноярский край,private,800
69,Красноярский край,independent,1500
69,Красноярский край,dealer,3500
70,Новосибирская область,private,800
70,Новосибирская область,independent,1500
70,Новосибирская область,dealer,3500
71,Омская область,private,750
71,Омская область,independent,1400
71,Омская область,dealer,3300
72,Томская область,private,750
72,Томская область,independent,1400
72,Томская область,dealer,3300
73,Республика Тыва,private,700
73,Республика Тыва,independent,1300
73,Республика Тыва,dealer,3000
74,Республика Хакасия,private,750
74,Республика Хакасия,independent,1400
74,Республика Хакасия,dealer,3300
75,Республика Бурятия,private,950
75,Республика Бурятия,independent,1800
75,Республика Бурятия,dealer,4200
76,Республика Саха (Якутия),private,950
76,Республика Саха (Якутия),independent,1800
76,Республика Саха (Якутия),dealer,4200
77,Забайкальский край,private,950
77,Забайкальский край,independent,1800
77,Забайкальский край,dealer,4200
78,Камчатский край,private,1000
78,Камчатский край,independent,1900
78,Камчатский край,dealer,4400
79,Приморский край,private,950
79,Приморский край,independent,1800
79,Приморский край,dealer,4200
80,Хабаровский край,private,950
80,Хабаровский край,independent,1800
80,Хабаровский край,dealer,4200
81,Амурская область,private,950
81,Амурская область,independent,1800
81,Амурская область,dealer,4200
82,Магаданская область,private,1100
82,Магаданская область,independent,2050
82,Магаданская область,dealer,4700
83,Сахалинская область,private,1000
83,Сахалинская область,independent,1900
83,Сахалинская область,dealer,4400
84,Еврейская АО,private,900
84,Еврейская АО,independent,1700
84,Еврейская АО,dealer,4000
85,Чукотский АО,private,1050
85,Чукотский АО,independent,1950
85,Чукотский АО,dealer,4550
