model_type,region_id,region_name,fuel_type,version,artifact_path,train_mape_pct,train_rmse,train_mae,train_coverage_95_pct,train_window_start,train_window_end,test_window_start,test_window_end,order_p,order_d,order_q,seasonal_p,seasonal_d,seasonal_q,seasonal_period,aic,bic,fallback,fit_seconds,fitted_at,status
fuel_sarima,1,Москва,ai92,v1.0.0,D:/все подряд/diplom(new_version)/ml/models/fuel_sarima/1_ai92.pkl,1.68,1.34,1.01,100.0,2014-01-01,2024-12-01,2025-01-01,2025-12-01,2,1,0,0,1,1,12,67.1,80.5,False,27.3,2026-04-28T22:41:51.005027+00:00,active
fuel_sarima,1,Москва,ai95,v1.0.0,D:/все подряд/diplom(new_version)/ml/models/fuel_sarima/1_ai95.pkl,1.31,1.2,0.87,100.0,2014-01-01,2024-12-01,2025-01-01,2025-12-01,0,1,1,0,1,1,12,84.9,95.5,False,25.6,2026-04-28T22:42:16.589946+00:00,active
fuel_sarima,1,Москва,diesel,v1.0.0,D:/все подряд/diplom(new_version)/ml/models/fuel_sarima/1_diesel.pkl,0.65,0.62,0.46,100.0,2014-01-01,2024-12-01,2025-01-01,2025-12-01,0,1,1,0,1,1,12,134.0,144.6,False,21.4,2026-04-28T22:42:38.067918+00:00,active
fuel_sarima,19,Санкт-Петербург,ai92,v1.0.0,D:/все подряд/diplom(new_version)/ml/models/fuel_sarima/19_ai92.pkl,1.71,1.4,1.03,100.0,2014-01-01,2024-12-01,2025-01-01,2025-12-01,0,1,1,0,1,1,12,66.5,77.1,False,26.9,2026-04-28T22:43:04.976625+00:00,active
fuel_sarima,19,Санкт-Петербург,ai95,v1.0.0,D:/все подряд/diplom(new_version)/ml/models/fuel_sarima/19_ai95.pkl,1.26,1.21,0.83,100.0,2014-01-01,2024-12-01,2025-01-01,2025-12-01,0,1,1,0,1,1,12,79.8,90.4,False,17.8,2026-04-28T22:43:22.774249+00:00,active
fuel_sarima,19,Санкт-Петербург,diesel,v1.0.0,D:/все подряд/diplom(new_version)/ml/models/fuel_sarima/19_diesel.pkl,0.61,0.54,0.44,100.0,2014-01-01,2024-12-01,2025-01-01,2025-12-01,0,1,2,0,1,1,12,151.7,164.9,False,11.5,2026-04-28T22:43:34.290602+00:00,active
fuel_sarima,2,Московская область,ai92,v1.0.0,D:/все подряд/diplom(new_version)/ml/models/fuel_sarima/2_ai92.pkl,1.9,1.5,1.13,100.0,2014-01-01,2024-12-01,2025-01-01,2025-12-01,0,1,1,0,1,1,12,157.0,167.6,False,10.7,2026-04-28T22:43:44.980493+00:00,active
fuel_sarima,2,Московская область,ai95,v1.0.0,D:/все подряд/diplom(new_version)/ml/models/fuel_sarima/2_ai95.pkl,1.31,1.23,0.86,100.0,2014-01-01,2024-12-01,2025-01-01,2025-12-01,0,1,1,0,1,1,12,148.4,159.1,False,9.2,2026-04-28T22:43:54.198335+00:00,active
fuel_sarima,2,Московская область,diesel,v1.0.0,D:/все подряд/diplom(new_version)/ml/models/fuel_sarima/2_diesel.pkl,0.56,0.52,0.4,100.0,2014-01-01,2024-12-01,2025-01-01,2025-12-01,0,1,2,0,1,1,12,209.2,222.5,False,7.6,2026-04-28T22:44:01.824995+00:00,active
fuel_sarima,33,Краснодарский край,ai92,v1.0.0,D:/все подряд/diplom(new_version)/ml/models/fuel_sarima/33_ai92.pkl,2.98,2.35,1.82,66.7,2014-01-01,2024-12-01,2025-01-01,2025-12-01,2,1,0,0,1,1,12,99.9,113.2,False,8.7,2026-04-28T22:44:10.585339+00:00,active
fuel_sarima,33,Краснодарский край,ai95,v1.0.0,D:/все подряд/diplom(new_version)/ml/models/fuel_sarima/33_ai95.pkl,2.1,1.97,1.42,83.3,2014-01-01,2024-12-01,2025-01-01,2025-12-01,2,1,0,0,1,1,12,105.3,118.6,False,10.1,2026-04-28T22:44:20.677511+00:00,active
fuel_sarima,33,Краснодарский край,diesel,v1.0.0,D:/все подряд/diplom(new_version)/ml/models/fuel_sarima/33_diesel.pkl,0.69,0.62,0.48,100.0,2014-01-01,2024-12-01,2025-01-01,2025-12-01,2,1,1,0,1,1,12,190.6,206.5,False,8.3,2026-04-28T22:44:29.019981+00:00,active
fuel_sarima,60,Свердловская область,ai92,v1.0.0,D:/все подряд/diplom(new_version)/ml/models/fuel_sarima/60_ai92.pkl,2.19,1.83,1.3,91.7,2014-01-01,2024-12-01,2025-01-01,2025-12-01,0,1,1,0,1,1,12,84.4,95.1,False,12.9,2026-04-28T22:44:41.892755+00:00,active
fuel_sarima,60,Свердловская область,ai95,v1.0.0,D:/все подряд/diplom(new_version)/ml/models/fuel_sarima/60_ai95.pkl,1.65,1.57,1.06,91.7,2014-01-01,2024-12-01,2025-01-01,2025-12-01,0,1,1,0,1,1,12,86.0,96.6,False,12.1,2026-04-28T22:44:54.004738+00:00,active
fuel_sarima,60,Свердловская область,diesel,v1.0.0,D:/все подряд/diplom(new_version)/ml/models/fuel_sarima/60_diesel.pkl,1.03,0.88,0.74,100.0,2014-01-01,2024-12-01,2025-01-01,2025-12-01,0,1,1,0,1,1,12,131.7,142.3,False,8.7,2026-04-28T22:45:02.738834+00:00,active
fuel_sarima,48,Республика Татарстан,ai92,v1.0.0,D:/все подряд/diplom(new_version)/ml/models/fuel_sarima/48_ai92.pkl,2.64,2.41,1.55,75.0,2014-01-01,2024-12-01,2025-01-01,2025-12-01,0,1,1,0,1,1,12,110.7,121.3,False,14.7,2026-04-28T22:45:17.400622+00:00,active
fuel_sarima,48,Республика Татарстан,ai95,v1.0.0,D:/все подряд/diplom(new_version)/ml/models/fuel_sarima/48_ai95.pkl,2.3,2.18,1.44,75.0,2014-01-01,2024-12-01,2025-01-01,2025-12-01,0,1,1,0,1,1,12,105.4,116.0,False,17.7,2026-04-28T22:45:35.099101+00:00,active
fuel_sarima,48,Республика Татарстан,diesel,v1.0.0,D:/все подряд/diplom(new_version)/ml/models/fuel_sarima/48_diesel.pkl,1.4,0.99,0.94,100.0,2014-01-01,2024-12-01,2025-01-01,2025-12-01,0,1,1,0,1,1,12,166.6,177.3,False,10.7,2026-04-28T22:45:45.764528+00:00,active
fuel_sarima,45,Республика Башкортостан,ai92,v1.0.0,D:/все подряд/diplom(new_version)/ml/models/fuel_sarima/45_ai92.pkl,1.83,1.4,1.07,91.7,2014-01-01,2024-12-01,2025-01-01,2025-12-01,2,1,0,0,1,1,12,76.5,89.8,False,12.3,2026-04-28T22:45:58.106238+00:00,active
fuel_sarima,45,Республика Башкортостан,ai95,v1.0.0,D:/все подряд/diplom(new_version)/ml/models/fuel_sarima/45_ai95.pkl,1.43,1.28,0.9,100.0,2014-01-01,2024-12-01,2025-01-01,2025-12-01,0,1,1,0,1,1,12,83.5,94.1,False,10.5,2026-04-28T22:46:08.626077+00:00,active
fuel_sarima,45,Республика Башкортостан,diesel,v1.0.0,D:/все подряд/diplom(new_version)/ml/models/fuel_sarima/45_diesel.pkl,0.89,0.7,0.62,100.0,2014-01-01,2024-12-01,2025-01-01,2025-12-01,0,1,1,0,1,1,12,140.3,151.0,False,9.9,2026-04-28T22:46:18.493561+00:00,active
fuel_sarima,63,Челябинская область,ai92,v1.0.0,D:/все подряд/diplom(new_version)/ml/models/fuel_sarima/63_ai92.pkl,2.17,1.86,1.24,91.7,2014-01-01,2024-12-01,2025-01-01,2025-12-01,0,1,1,0,1,1,12,147.5,158.1,False,13.1,2026-04-28T22:46:31.653197+00:00,active
fuel_sarima,63,Челябинская область,ai95,v1.0.0,D:/все подряд/diplom(new_version)/ml/models/fuel_sarima/63_ai95.pkl,1.69,1.61,1.05,100.0,2014-01-01,2024-12-01,2025-01-01,2025-12-01,0,1,1,0,1,1,12,144.1,154.7,False,13.4,2026-04-28T22:46:45.109265+00:00,active
fuel_sarima,63,Челябинская область,diesel,v1.0.0,D:/все подряд/diplom(new_version)/ml/models/fuel_sarima/63_diesel.pkl,1.13,1.02,0.81,100.0,2014-01-01,2024-12-01,2025-01-01,2025-12-01,1,1,2,0,1,1,12,216.2,232.1,False,10.2,2026-04-28T22:46:55.359177+00:00,active
fuel_sarima,56,Самарская область,ai92,v1.0.0,D:/все подряд/diplom(new_version)/ml/models/fuel_sarima/56_ai92.pkl,3.13,2.9,1.89,83.3,2014-01-01,2024-12-01,2025-01-01,2025-12-01,0,1,1,0,1,1,12,142.3,152.9,False,10.5,2026-04-28T22:47:05.873758+00:00,active
fuel_sarima,56,Самарская область,ai95,v1.0.0,D:/все подряд/diplom(new_version)/ml/models/fuel_sarima/56_ai95.pkl,2.6,2.65,1.7,83.3,2014-01-01,2024-12-01,2025-01-01,2025-12-01,0,1,1,0,1,1,12,130.2,140.8,False,10.9,2026-04-28T22:47:16.764818+00:00,active
fuel_sarima,56,Самарская область,diesel,v1.0.0,D:/все подряд/diplom(new_version)/ml/models/fuel_sarima/56_diesel.pkl,1.09,0.82,0.75,100.0,2014-01-01,2024-12-01,2025-01-01,2025-12-01,0,1,1,0,1,1,12,186.5,197.1,False,8.1,2026-04-28T22:47:24.923144+00:00,active
fuel_sarima,36,Ростовская область,ai92,v1.0.0,D:/все подряд/diplom(new_version)/ml/models/fuel_sarima/36_ai92.pkl,2.47,2.41,1.53,91.7,2014-01-01,2024-12-01,2025-01-01,2025-12-01,2,1,2,1,1,1,12,153.3,174.4,False,11.9,2026-04-28T22:47:36.871123+00:00,active
fuel_sarima,36,Ростовская область,ai95,v1.0.0,D:/все подряд/diplom(new_version)/ml/models/fuel_sarima/36_ai95.pkl,2.3,2.39,1.57,75.0,2014-01-01,2024-12-01,2025-01-01,2025-12-01,2,1,0,0,1,1,12,154.3,167.6,False,9.9,2026-04-28T22:47:46.793955+00:00,active
fuel_sarima,36,Ростовская область,diesel,v1.0.0,D:/все подряд/diplom(new_version)/ml/models/fuel_sarima/36_diesel.pkl,0.77,0.69,0.53,100.0,2014-01-01,2024-12-01,2025-01-01,2025-12-01,1,1,2,0,1,1,12,245.5,261.4,False,8.3,2026-04-28T22:47:55.095837+00:00,active
fuel_sarima,0,RU_AVG,ai92,v1.0.0,D:/все подряд/diplom(new_version)/ml/models/fuel_sarima/0_ai92.pkl,2.76,2.37,1.67,75.0,2014-01-01,2024-12-01,2025-01-01,2025-12-01,2,1,0,0,1,1,12,115.4,128.7,False,11.2,2026-04-28T22:58:45.716971+00:00,active
fuel_sarima,0,RU_AVG,ai95,v1.0.0,D:/все подряд/diplom(new_version)/ml/models/fuel_sarima/0_ai95.pkl,1.99,2.04,1.31,91.7,2014-01-01,2024-12-01,2025-01-01,2025-12-01,0,1,1,0,1,1,12,114.2,124.8,False,12.1,2026-04-28T22:58:57.788673+00:00,active
fuel_sarima,0,RU_AVG,diesel,v1.0.0,D:/все подряд/diplom(new_version)/ml/models/fuel_sarima/0_diesel.pkl,0.75,0.67,0.53,100.0,2014-01-01,2024-12-01,2025-01-01,2025-12-01,0,1,2,0,1,1,12,181.3,194.5,False,8.4,2026-04-28T22:59:06.206257+00:00,active
